511	Non-breed
525	Non-breed
Affenpinscher01_33500	Terrier
Affenpinscher02_34310	Terrier
Affenpinscher03_34314	Terrier
AfghanHound01	Herding
AfghanHound03	Herding
AfghanHound04	Herding
AfricanGoldenWolf01	Wild
AfricanGoldenWolf02	Wild
AfricanGoldenWolf03	Wild
AfricanGoldenWolf04	Wild
AfricanGoldenWolf05	Wild
AfricanGoldenWolf06	Wild
AfricanWildDog01	Wild
AfricanWildDog02	Wild
AfricanWildDog03	Wild
AiredaleTerrier01	Terrier
AiredaleTerrier02	Terrier
AiredaleTerrier05	Terrier
AiredaleTerrier06	Terrier
Akbash01_15287	Herding
Akita01_12758	Spitz
AlapahaBlueBloodBulldog01	Mastiff
AlapahaBlueBloodBulldog02	Mastiff
AlaskanHusky01	Spitz
AlaskanHusky02	Spitz
AlaskanMalamute01_30099	Spitz
AlaskanMalamute01_Reseq_30099	Spitz
AlaskanMalamute02	Spitz
AlaskanMalamute03	Spitz
AlaskanMalamute04	Spitz
AlaskanWolf	Wild
AlgonquinWolf13467	Wild
AlgonquinWolf13470	Wild
AlpineDachsbrake02	Hound
AmericanEskimoDog01_10800	Spitz
AmericanEskimoDog02_10808	Spitz
AmericanEskimoDog03_10810	Spitz
AmericanEskimoDog04_8380	Spitz
AmericanEskimoDog05_10805	Spitz
AmericanEskimoDog06_10809	Spitz
AmericanEskimoDog07_15300	Spitz
AmericanEskimoDog08_15301	Spitz
AmericanEskimoDog09_15304	Spitz
AmericanFoxhound01_34454	Hound
AmericanHairlessTerrier01_1121	Terrier
AmericanHairlessTerrier01_Reseq_1121	Terrier
AmericanHairlessTerrier02_1118	Terrier
AmericanHairlessTerrier04_1124	Terrier
AmericanStaffordshireTerrier01	Mastiff
AmericanStaffordshireTerrier02_24262	Mastiff
AmericanStaffordshireTerrier03_29583	Mastiff
AmericanStaffordshireTerrier04	Mastiff
AmericanStaffordshireTerrier05	Mastiff
AmericanStaffordshireTerrier06_24030	Mastiff
AmericanWaterSpaniel01_987	Spaniel
AmericanWaterSpaniel02_988	Spaniel
AmericanWaterSpaniel03_29580	Spaniel
AnatolianShepherdDog01_7584	Herding
AustralianCattleDog01	Sighthound
AustralianCattleDog02	Sighthound
AustralianCattleDog03	Sighthound
AustralianCattleDog04	Sighthound
AustralianCattleDog06	Sighthound
AustralianCattleDog07_9994	Sighthound
AustralianCattleDog08_25269	Sighthound
AustralianShepherd01_27104	Sighthound
AustralianShepherd02_30713	Sighthound
AustralianShepherd03_31260	Sighthound
AustralianShepherd04_33489	Sighthound
AustralianShepherd05_33555	Sighthound
AustralianShepherd06	Sighthound
AustralianShepherd07_29479	Sighthound
AustralianTerrier01	Terrier
AustralianTerrier02_30508	Terrier
AustralianTerrier03_8663	Terrier
Basenji01	Base
Basenji02	Base
Basenji03	Base
Basenji04	Base
Basenji05	Base
Basenji06	Base
BassetHound01_10376	Hound
BassetHound02_12885	Hound
BassetHound03_13196	Hound
BassetHound04	Hound
BavarianHound01	Hound
Beagle01_16145	Hound
Beagle02	Hound
Beagle03	Hound
Beagle04	Hound
Beagle05	Hound
BeardedCollie01	Sighthound
BeardedCollie02	Sighthound
BeardedCollie03	Sighthound
BeardedCollie04	Sighthound
BeardedCollie05	Sighthound
BeardedCollie06	Sighthound
BeardedCollie07	Sighthound
Beauceron01_29598	Herding
Beauceron02_31956	Herding
BedlingtonTerrier01_27328	Terrier
BedlingtonTerrier02_33486	Terrier
BedlingtonTerrier03_33606	Terrier
BedlingtonTerrier04_28914	Terrier
BedlingtonTerrier05_31124	Terrier
BelgianLaekenois01_34575	Sheepdog
BelgianMalinois01	Sheepdog
BelgianMalinois02	Sheepdog
BelgianMalinois03	Sheepdog
BelgianMalinois04	Sheepdog
BelgianMalinois05	Sheepdog
BelgianMalinois06	Sheepdog
BelgianMalinois07_25490	Sheepdog
BelgianMalinois08	Sheepdog
BelgianMalinois09	Sheepdog
BelgianMalinois10	Sheepdog
BelgianMalinois11	Sheepdog
BelgianMalinois12	Sheepdog
BelgianMalinois13	Sheepdog
BelgianMalinois14	Sheepdog
BelgianMalinois15	Sheepdog
BelgianMalinois16	Sheepdog
BelgianMalinois17	Sheepdog
BelgianMalinois18	Sheepdog
BelgianMalinois19	Sheepdog
BelgianMalinois20	Sheepdog
BelgianMalinois21	Sheepdog
BelgianMalinois22	Sheepdog
BelgianMalinois23	Sheepdog
BelgianMalinois24	Sheepdog
BelgianMalinois25	Sheepdog
BelgianMalinois26	Sheepdog
BelgianMalinois27	Sheepdog
BelgianMalinois28_24233	Sheepdog
BelgianSheepdog01_27485	Sheepdog
BelgianSheepdog02_23570	Sheepdog
BelgianSheepdog03_23572	Sheepdog
BelgianSheepdog04_24974	Sheepdog
BelgianSheepdog05_15643	Sheepdog
BelgianSheepdog06_24605	Sheepdog
BelgianSheepdog07_24604	Sheepdog
BelgianSheepdog08_30647	Sheepdog
BelgianSheepdog09_31144	Sheepdog
BelgianSheepdog10_22740	Sheepdog
BelgianSheepdog11_34638	Sheepdog
BelgianSheepdog12_34665	Sheepdog
BelgianSheepdog13_35102	Sheepdog
BelgianTervuren01_27484	Sheepdog
BelgianTervuren02_22754	Sheepdog
BelgianTervuren03_24639	Sheepdog
BelgianTervuren04_24613	Sheepdog
BelgianTervuren05_28307	Sheepdog
BelgianTervuren06_22771	Sheepdog
BelgianTervuren07_23576	Sheepdog
BelgianTervuren08_28302	Sheepdog
BelgianTervuren09_28308	Sheepdog
BelgianTervuren10_22774	Sheepdog
BelgianTervuren11_24620	Sheepdog
BelgianTervuren12_BT1032	Sheepdog
BelgianTervuren13_BT1241	Sheepdog
BelgianTervuren14_BT1246	Sheepdog
BelgianTervuren15_BT1259	Sheepdog
BelgianTervuren16_BT1300	Sheepdog
BelgianTervuren17_BT1332	Sheepdog
BelgianTervuren18_BT1355	Sheepdog
BelgianTervuren19_33058	Sheepdog
BelgianTervuren20_34513	Sheepdog
BergerBlancSuisse01	Herding
BergerPicard01	Herding
BergerPicard02	Herding
BergerPicard03	Herding
BergerPicard04	Herding
BergerPicard05_33251	Herding
BergerPicard06_33252	Herding
BergerPicard07	Herding
Bern_AlpineDachsbracke	Hound
BerneseMountainDog01_4679	MountainDog
BerneseMountainDog02_30814	MountainDog
BerneseMountainDog03_941	MountainDog
BerneseMountainDog04_1003	MountainDog
BerneseMountainDog05_1300	MountainDog
BerneseMountainDog06_1441	MountainDog
BerneseMountainDog07_2488	MountainDog
BerneseMountainDog08_4164	MountainDog
BerneseMountainDog09_4666	MountainDog
BerneseMountainDog10_4687	MountainDog
BerneseMountainDog11_4767	MountainDog
BerneseMountainDog12_4851	MountainDog
BerneseMountainDog13_7507	MountainDog
BerneseMountainDog14_12307	MountainDog
BerneseMountainDog15_13020	MountainDog
BerneseMountainDog16_13108	MountainDog
BerneseMountainDog17_20139	MountainDog
BerneseMountainDog18_969	MountainDog
BerneseMountainDog19_11957	MountainDog
BerneseMountainDog20_21874	MountainDog
BerneseMountainDog21_21878	MountainDog
BerneseMountainDog22_26577	MountainDog
BerneseMountainDog23_26606	MountainDog
BerneseMountainDog24_28441	MountainDog
BerneseMountainDog25_33589	MountainDog
BerneseMountainDog26_34297	MountainDog
BichonFrise01	Waterdog
BichonFrise02_974	Waterdog
BichonFrise03_13125	Waterdog
BichonFrise04_13198	Waterdog
BiewerTerrier01_33805	Terrier
BiewerTerrier02_31246	Terrier
BiewerTerrier03_31247	Terrier
BiewerTerrier04_31248	Terrier
BiewerTerrier05_31253	Terrier
BiewerTerrier06_31256	Terrier
BiewerTerrier07_34303	Terrier
BlackBackedJackal01	Wild
BlackRussianTerrier01	Herding
Bloodhound01_25394	Hound
Boerboel01_21873	Mastiff
Boerboel02_33148	Mastiff
BorderCollie01	Terrier
BorderCollie02	Terrier
BorderCollie03	Terrier
BorderCollie06	Terrier
BorderCollie07	Terrier
BorderCollie08	Terrier
BorderCollie09	Terrier
BorderCollie10	Terrier
BorderCollie11	Terrier
BorderCollie12	Terrier
BorderCollie13	Terrier
BorderCollie14	Terrier
BorderCollie15	Terrier
BorderCollie16	Terrier
BorderCollie17	Terrier
BorderCollie18_33928	Terrier
BorderCollie19_33939	Terrier
BorderCollie20_33967	Terrier
BorderCollie21_34026	Terrier
BorderCollie22_34073	Terrier
BorderCollie23_34101	Terrier
BorderCollie24	Terrier
BorderCollie25_BC_27398	Terrier
BorderCollie26_BC_30512	Terrier
BorderCollie27_BC_31618	Terrier
BorderCollie28	Terrier
BorderCollie29	Terrier
BorderTerrier01	Terrier
BorderTerrier02	Terrier
BorderTerrier03	Terrier
BorderTerrier04	Terrier
Borzoi01_13141	Sighthound
BostonTerrier01_950	Mastiff
BostonTerrier02	Mastiff
BostonTerrier03	Mastiff
BouvierDesFlandres01_29776	Sheepdog
BouvierDesFlandres02_30531	Sheepdog
BouvierDesFlandres03	Sheepdog
BouvierDesFlandres04_28721	Sheepdog
BouvierDesFlandres05_20143	Sheepdog
BouvierdesFlandres06_15380	Sheepdog
BouvierdesFlandres07_22254	Sheepdog
Boxer01	Mastiff
Boxer02_21522	Mastiff
Boxer03_27749	Mastiff
BoykinSpaniel01_9997	Spaniel
BoykinSpaniel02_9998	Spaniel
BoykinSpaniel03_10013	Spaniel
BoykinSpaniel04_9911	Spaniel
BoykinSpaniel05_10012	Spaniel
Briard01_15126	Sheepdog
Briard02_20209	Sheepdog
Briard03_20268	Sheepdog
BrittanySpaniel01	Hound
BrittanySpaniel02_33265	Hound
BrittanySpaniel03_12726	Hound
BrusselsGriffon01_6033	Spitz
BrusselsGriffon02_6692	Spitz
BrusselsGriffon03_15571	Spitz
BrusselsGriffon04_21511	Spitz
BrusselsGriffon05_31228	Spitz
BrusselsGriffon06_3036	Spitz
BullMastiff01	Mastiff
BullMastiff02_1125	Mastiff
BullMastiff03_26414	Mastiff
BullTerrier01	Mastiff
BullTerrier02	Mastiff
BullTerrier03_23604	Mastiff
BullTerrier04_23664	Mastiff
BullTerrier05_23673	Mastiff
BullTerrier06	Mastiff
BullTerrier07	Mastiff
BullTerrier08	Mastiff
BullTerrier09	Mastiff
BullTerrier10_23587	Mastiff
BullTerrier11_23589	Mastiff
BullTerrier12_23590	Mastiff
BullTerrier13_23592	Mastiff
BullTerrier14_23602	Mastiff
BullTerrier15_23624	Mastiff
BullTerrier16_23634	Mastiff
BullTerrier17_23636	Mastiff
BullTerrier18_23653	Mastiff
BullTerrier19_23656	Mastiff
BullTerrier20_23658	Mastiff
BullTerrier21_23659	Mastiff
BullTerrier22_23667	Mastiff
BullTerrier23_23668	Mastiff
BullTerrier24_23676	Mastiff
BullTerrier25_23678	Mastiff
BullTerrier26_23700	Mastiff
BullTerrier27_23702	Mastiff
BullTerrier28_23704	Mastiff
BullTerrier29_23710	Mastiff
BullTerrier30_23717	Mastiff
BullTerrier31_23719	Mastiff
BullTerrier32_23720	Mastiff
BullTerrier33_23722	Mastiff
BullTerrier34_23723	Mastiff
BullTerrier35_23727	Mastiff
BullTerrier36_24718	Mastiff
BullTerrier37_24725	Mastiff
BullTerrier38_34137	Mastiff
BullTerrier39_23703	Mastiff
BullTerrier40_23675	Mastiff
BullTerrier41_24720	Mastiff
BullTerrier42_34622	Mastiff
BullTerrier43_34623	Mastiff
BullTerrier44_23713	Mastiff
Bulldog01_14566	Mastiff
CairnTerrier01	Terrier
CairnTerrier02	Terrier
CairnTerrier03	Terrier
CairnTerrier04	Terrier
CairnTerrier05	Terrier
CairnTerrier06	Terrier
CairnTerrier07	Terrier
CairnTerrier08	Terrier
CairnTerrier09	Terrier
CairnTerrier10	Terrier
CairnTerrier11	Terrier
CairnTerrier12	Terrier
CairnTerrier13	Terrier
CairnTerrier14	Terrier
CairnTerrier15	Terrier
CairnTerrier16_25446	Terrier
CaneCorso01	Mastiff
CaneCorso02_27352	Mastiff
CaneCorso03	Mastiff
CardiganWelshCorgi01_9284	Sighthound
CardiganWelshCorgi02_33210	Sighthound
CardiganWelshCorgi03_33212	Sighthound
CarolinaDog01_7771	Non-breed
CarolinaDog01_Reseq_7771	Non-breed
CarolinaDog03_31703	Non-breed
CarolinaDog04_31707	Non-breed
CatahoulaLeopardDog01_Reseq_33138	Non-breed
CatahoulaLeopardDog01_Reseqx2_33138	Non-breed
CatahoulaLeopardDog02_33137	Non-breed
CatahoulaLeopardDog03_33139	Non-breed
CatahoulaLeopardDog04_33152	Non-breed
CatahoulaLeopardDog05_33321	Non-breed
CatahoulaLeopardDog06_10791	Non-breed
CatahoulaLeopardDog07_10792	Non-breed
CatahoulaLeopardDog08_31598	Non-breed
CatahoulaLeopardDog09_33136	Non-breed
CatahoulaLeopardDog11	Non-breed
CaucasianOvcharka01	Herding
CaucasianOvcharka02_7997	Herding
CavalierKingCharlesSpaniel01	Spaniel
CavalierKingCharlesSpaniel02	Spaniel
CavalierKingCharlesSpaniel03_952	Spaniel
CavalierKingCharlesSpaniel04_15286	Spaniel
CeskyTerrier01_31125	Terrier
CeskyTerrier02_33431	Terrier
CeskyTerrier02_Reseq_33431	Terrier
CeskyTerrier03_33463	Terrier
CeskyTerrier04_31121	Terrier
ChesapeakeBayRetriever01	Retriever
ChesapeakeBayRetriever02_7292	Retriever
ChesapeakeBayRetriever03_12347	Retriever
ChesapeakeBayRetriever04	Retriever
Chihuahua01_13131	Terrier
Chihuahua03	Terrier
Chihuahua05	Terrier
Chihuahua06	Terrier
ChineseCrested01	Terrier
ChineseCrested05	Terrier
ChineseCrested06	Terrier
ChineseIndigenousDog01	Non-breed
ChineseIndigenousDog02	Non-breed
ChineseIndigenousDog03	Non-breed
ChineseIndigenousDog04	Non-breed
ChineseIndigenousDog05	Non-breed
ChineseIndigenousDog06	Non-breed
ChineseIndigenousDog07	Non-breed
ChineseIndigenousDog08	Non-breed
ChineseIndigenousDog09	Non-breed
ChineseIndigenousDog10	Non-breed
ChineseIndigenousDog11	Non-breed
ChineseIndigenousDog12	Non-breed
ChineseIndigenousDog13	Non-breed
ChineseIndigenousDog14	Non-breed
ChineseIndigenousDog15	Non-breed
ChineseSharpei01	Spitz
ChineseSharpei02	Spitz
ChineseSharpei03_11443	Spitz
ChineseSharpei04_11447	Spitz
ChineseSharpei05_11448	Spitz
Chinook01	Herding
Chinook02_33140	Herding
Chinook03_33141	Herding
Chinook04_33143	Herding
Chinook05_33256	Herding
Chinook06_33257	Herding
Chinook07_33317	Herding
Chinook08_33360	Herding
Chinook09_33362	Herding
Chinook10_33386	Herding
ChongqingDog01	Mastiff
ChowChow01_15630	Spitz
ChowChow02_13802	Spitz
ChowChow03	Spitz
ChowChow04	Spitz
ChowChow05_29846	Spitz
ChowChow06_30105	Spitz
ChowChow07_30210	Spitz
CirnecodellEtna01_26441	Herding
CirnecodellEtna02_31283	Herding
CirnecodellEtna03_31284	Herding
ClumberSpaniel01	Spaniel
ClumberSpaniel02_27422	Spaniel
ClumberSpaniel03_33091	Spaniel
ClumberSpaniel04_33092	Spaniel
CockerSpanielAmerican01_11414	Spaniel
CockerSpanielAmerican02	Spaniel
CockerSpanielAmerican03	Spaniel
CockerSpanielAmerican04	Spaniel
CockerSpanielAmerican05	Spaniel
CockerSpanielAmerican06	Spaniel
CockerSpanielAmerican07_12451	Spaniel
CockerSpanielAmerican08_12452	Spaniel
CockerSpanielAmerican09_12453	Spaniel
CockerSpanielEnglish01	Spaniel
CockerSpanielEnglish02	Spaniel
CockerSpanielEnglish03	Spaniel
CockerSpanielEnglish04	Spaniel
CockerSpanielEnglish05	Spaniel
CockerSpanielEnglish06	Spaniel
CockerSpanielEnglish07_12021	Spaniel
CockerSpanielEnglish08_13589	Spaniel
CockerSpanielEnglish09_28381	Spaniel
Collie01_13303	Sighthound
Collie02_28861	Sighthound
Collie03_29554	Sighthound
Coonhound01	Hound
CotonDeTulear01_33217	Waterdog
CotonDeTulear02	Waterdog
CotonDeTulear03_33882	Waterdog
Coyote01	Wild
Coyote02	Wild
Coyote03	Wild
Coyote04	Wild
Coyote05	Wild
Coyote06	Wild
Coyote07	Wild
Coyote08	Wild
CretanTracer01	Sighthound
CretanTracer02	Sighthound
CretanTracer03	Sighthound
CretanTracer04	Sighthound
CretanTracer05	Sighthound
CurlyCoatedRetriever01	Retriever
CurlyCoatedRetriever02	Retriever
CurlyCoatedRetriever03	Retriever
CurlyCoatedRetriever04	Retriever
CurlyCoatedRetriever05	Retriever
Dachshund01	Hound
Dachshund02	Hound
Dachshund03	Hound
Dachshund04	Hound
Dachshund05	Hound
Dachshund06_8242	Hound
Dachshund07_8249	Hound
Dachshund08_12335	Hound
Dachshund09_27368	Hound
Dachshund10_8257	Hound
Dachshund11_8272	Hound
Dachshund12	Hound
Dachshund13	Hound
Dachshund14	Hound
Dachshund15	Hound
Dachshund16	Hound
Dalmatian01	Hound
Dalmatian02	Hound
Dalmatian03_7305	Hound
Dalmatian04_13301	Hound
DandieDinmontTerrier01_7731	Terrier
DandieDinmontTerrier02_7732	Terrier
DandieDinmontTerrier03_7733	Terrier
Dhole02	Wild
Dingo01	Dingo
Dingo02_34694	Dingo
Dingo03_35294	Dingo
Dingo04_35295	Dingo
Dingo05_35296	Dingo
Dingo06_35297	Dingo
Dingo07_35298	Dingo
Dingo08_35299	Dingo
Dingo09_35300	Dingo
Dingo10_35301	Dingo
Dingo11_35302	Dingo
Dingo12_35303	Dingo
Dingo13_35304	Dingo
Dingo14_35305	Dingo
Dingo15_35306	Dingo
Dingo16_35307	Dingo
Dingo17_35308	Dingo
Dingo18_35309	Dingo
Dingo19_35310	Dingo
Dingo20_35311	Dingo
Dingo21_35312	Dingo
Dingo22_35313	Dingo
Dingo23	Dingo
Dingo24	Dingo
Dingo25	Dingo
Dingo26	Dingo
Dingo27	Dingo
Dingo28	Dingo
Dingo29	Dingo
Dingo30	Dingo
Dingo31	Dingo
Dingo32	Dingo
Doberman01	Herding
Doberman02	Herding
Doberman03	Herding
Doberman04	Herding
Doberman05	Herding
Doberman06	Herding
Doberman07	Herding
Doberman08	Herding
DogoArgentino01_22900	Mastiff
DogoArgentino02_33067	Mastiff
DogueDeBordeaux01_25487	Mastiff
DutchShepherd01	Herding
EastSiberianLaika01	Spitz
Elo01	Non-breed
EnglishBulldog01	Mastiff
EnglishFoxhound02_947	Hound
EnglishFoxhound03_27119	Hound
EnglishMastiff01_21270	Mastiff
EnglishMastiff02	Mastiff
EnglishMastiff03_24151	Mastiff
EnglishMastiff04_30097	Mastiff
EnglishMastiff05	Mastiff
EnglishMastiff06	Mastiff
EnglishPointer01	Hound
EnglishPointer02	Hound
EnglishSetter01	Hound
EnglishSetter02	Hound
EnglishSetter03	Hound
EnglishSetter04_15386	Hound
EnglishSetter05_26982	Hound
EnglishSetter07	Hound
EnglishSetter08	Hound
EnglishSpringerSpaniel01	Spaniel
EnglishSpringerSpaniel03	Spaniel
EnglishSpringerSpaniel04_4238	Spaniel
EnglishSpringerSpaniel05_4239	Spaniel
EnglishSpringerSpaniel07	Spaniel
EnglishSpringerSpaniel08	Spaniel
EnglishSpringerSpaniel09	Spaniel
EnglishSpringerSpaniel10	Spaniel
EntlebucherSennenhund01	Hound
EntlebucherSennenhund02	Hound
EntlebucherSennenhund03	Hound
EntlebucherSennenhund04	Hound
EntlebucherSennenhund05	Hound
EntlebucherSennenhund06	Hound
EntlebucherSennenhund07	Hound
EntlebucherSennenhund08	Hound
EntlebucherSennenhund09_12841	Hound
EntlebucherSennenhund10_12842	Hound
EntlebucherSennenhund11_12859	Hound
EthiopianWolf01	Wild
Eurasier01	Spitz
Eurasier02	Spitz
Eurasier03_22815	Spitz
FieldSpaniel01	Spaniel
FieldSpaniel02_27364	Spaniel
FieldSpaniel03_28377	Spaniel
FieldSpaniel04_28378	Spaniel
FinnishLapphund01	Spitz
FinnishSpitz01_7309	Spitz
FlatCoatedRetriever01_20576	Retriever
FlatCoatedRetriever02_24743	Retriever
FlatCoatedRetriever03_28051	Retriever
FlatCoatedRetriever04_9023	Retriever
FlatCoatedRetriever05_23470	Retriever
FlatCoatedRetriever06_25517	Retriever
FlatCoatedRetriever07_25539	Retriever
FlatCoatedRetriever08_28072	Retriever
FlatCoatedRetriever09_28203	Retriever
FlatCoatedRetriever10_30377	Retriever
FlatCoatedRetriever11_30651	Retriever
FlatCoatedRetriever12_31166	Retriever
FlatCoatedRetriever13	Retriever
FonniDog01_29859	Herding
FrenchBulldog01	Mastiff
FrenchBulldog02	Mastiff
FrenchBulldog03_14473	Mastiff
FrenchBulldog04_14477	Mastiff
FrenchBulldog05_16072	Mastiff
GL01.01	Spitz
GL01.02	Spitz
GL01.03	Spitz
GL01.05	Spitz
GL01.17	Spitz
GL01.18	Spitz
GL01.23	Spitz
GL03.03	Spitz
GL03.09	Spitz
GL04.01	Spitz
GL05.05	Spitz
GL05.06	Spitz
GL07.04	Spitz
GL07.05	Spitz
GL07.26	Spitz
GL07.34	Spitz
GL07.35	Spitz
GL07.36	Spitz
GL08.03	Spitz
GL08.11	Spitz
GL08.17	Spitz
GL09.07	Spitz
GL10.04	Spitz
GL10.17	Spitz
GL10.19	Spitz
GL11.06	Spitz
GL11.08	Spitz
GL11.13	Spitz
GL11.17	Spitz
GL11.18	Spitz
GL11.19	Spitz
GL12.01	Spitz
GL12.05	Spitz
GL12.08	Spitz
GL12.12	Spitz
GL12.13	Spitz
GL13.04	Spitz
GL13.07	Spitz
GL13.09	Spitz
GL14.06	Spitz
GL14.07	Spitz
GL14.08	Spitz
GL14.12	Spitz
GL14.17	Spitz
GL15.04	Spitz
GL15.12	Spitz
GL15.26	Spitz
GL15.27	Spitz
GL15.44	Spitz
GL15.49	Spitz
GL15.52	Spitz
GL15.61	Spitz
GL15.62	Spitz
GL15.63	Spitz
GL28.02	Spitz
GermanHuntingTerrier01	Terrier
GermanShepherd01	Herding
GermanShepherd02	Herding
GermanShepherd03	Herding
GermanShepherd04	Herding
GermanShepherd05	Herding
GermanShepherd06	Herding
GermanShepherd07	Herding
GermanShepherd08	Herding
GermanShepherd09	Herding
GermanShepherd10	Herding
GermanShepherd11	Herding
GermanShepherd12	Herding
GermanShepherd13	Herding
GermanShepherd14	Herding
GermanShepherd15	Herding
GermanShepherd16_12786	Herding
GermanShepherd17_13170	Herding
GermanShepherd18_14567	Herding
GermanShepherd19_30892	Herding
GermanShepherd20_30910	Herding
GermanShepherd21_30925	Herding
GermanShepherd22_30958	Herding
GermanShepherd23_35050	Herding
GermanShepherd24_35053	Herding
GermanShepherd25_35054	Herding
GermanShepherd26_35063	Herding
GermanShepherd27	Herding
GermanShepherd28	Herding
GermanShepherd29	Herding
GermanShorthairedPointer01_30644	Hound
GermanShorthairedPointer02_30645	Hound
GermanWirehairedPointer01	Hound
GermanWirehairedPointer02_2484	Hound
GermanWirehairedPointer03_2486	Hound
GiantSchnauzer01_20570	Herding
GiantSchnauzer02_21940	Herding
GiantSchnauzer03_21939	Herding
GiantSchnauzer04_26265	Herding
GiantSchnauzer05	Herding
GlenofImaalTerrier01_4258	Terrier
GlenofImaalTerrier02_4263	Terrier
GlenofImaalTerrier03_4265	Terrier
GlenofImaalTerrier04_4266	Terrier
GlenofImaalTerrier05_4268	Terrier
GlenofImallTerrier06_4261	Terrier
GoldenJackal01	Wild
GoldenJackal02	Wild
GoldenJackal03	Wild
GoldenRetriever01	Retriever
GoldenRetriever02	Retriever
GoldenRetriever03	Retriever
GoldenRetriever05	Retriever
GoldenRetriever06	Retriever
GoldenRetriever07	Retriever
GoldenRetriever08	Retriever
GoldenRetriever09	Retriever
GoldenRetriever10	Retriever
GoldenRetriever11	Retriever
GoldenRetriever12	Retriever
GoldenRetriever13	Retriever
GoldenRetriever14	Retriever
GoldenRetriever15	Retriever
GoldenRetriever16	Retriever
GoldenRetriever17	Retriever
GoldenRetriever18	Retriever
GoldenRetriever19	Retriever
GoldenRetriever20	Retriever
GoldenRetriever21	Retriever
GoldenRetriever22_797	Retriever
GoldenRetriever23_25512	Retriever
GoldenRetriever24	Retriever
GoldenRetriever25	Retriever
GoldenRetriever26	Retriever
GoldenRetriever27	Retriever
GoldenRetriever28	Retriever
GoldenRetriever29	Retriever
GordonSetter01	Hound
GordonSetter02	Hound
GrandeBassetGriffonVendeen01_5370	Hound
GrandeBassetGriffonVendeen02_5372	Hound
GrandeBassetGriffonVendeen03_5373	Hound
GrayFox01	Wild
GreatDane01_6610	Mastiff
GreatDane02	Mastiff
GreatDane03	Mastiff
GreatDane04	Mastiff
GreatDane05	Mastiff
GreatPlainsWolf01	Wild
GreatPyrenees01	Herding
GreaterSwissMountainDog01	MountainDog
GreaterSwissMountainDog01_Reseq_25402	MountainDog
GreaterSwissMountainDog02	MountainDog
GreaterSwissMountainDog03	MountainDog
GreaterSwissMountainDog04	MountainDog
GreaterSwissMountainDog05	MountainDog
GreekTracer01	Sighthound
GreekTracer02	Sighthound
GreekTracer03	Sighthound
GreekTracer04	Sighthound
GreekTracer05	Sighthound
GreenlandDog01	Spitz
Greyhound01	Sighthound
Greyhound02	Sighthound
Greyhound03	Sighthound
Greyhound04	Sighthound
Greyhound05	Sighthound
Greyhound06	Sighthound
Greyhound07	Sighthound
Greyhound08	Sighthound
Greyhound09	Sighthound
Greyhound10	Sighthound
Grossspitz01	Spitz
Havanese01	Waterdog
Havanese02	Waterdog
Havanese03	Waterdog
Havanese04	Waterdog
Havanese05	Waterdog
Havanese06	Waterdog
Heideterrier01	Terrier
HighlandWildDog01_34326	NGSD
HighlandWildDog02_34327	NGSD
HighlandWildDog03_35837	NGSD
Hovawart01	Hound
Hovawart02	Hound
Hovawart03	Hound
IbizanHound01_1171	Herding
IbizanHound02_1172	Herding
IbizanHound03_1228	Herding
IbizanHound04_1230	Herding
IbizanHound05_1164	Herding
IbizanHound06_1316	Herding
IbizanHound07_21535	Herding
IcelandicSheepdog01_30708	Spitz
IcelandicSheepdog02_30709	Spitz
IndigenousDogNigeria01	Non-breed
IndigenousDogNigeria02	Non-breed
IndigenousDogNigeria03	Non-breed
IndigenousDogNigeria04	Non-breed
IndigenousDogVietnam01	Non-breed
IndigenousDogVietnam02	Non-breed
IndigenousDogVietnam03	Non-breed
IndigenousDogVietnam04	Non-breed
IndigenousDogVietnam05	Non-breed
IrishRedandWhiteSetter01_5386	Hound
IrishSetter01_29781	Hound
IrishTerrier01	Terrier
IrishTerrier02	Terrier
IrishTerrier03_31717	Terrier
IrishTerrier04	Terrier
IrishWaterSpaniel01_28373	Retriever
IrishWaterSpaniel02_30479	Retriever
IrishWaterSpaniel03_30480	Retriever
IrishWaterSpaniel04_30856	Retriever
IrishWaterSpaniel05_30861	Retriever
IrishWaterSpaniel06_30864	Retriever
IrishWaterSpaniel07	Retriever
IrishWolfhound01_21534	Sighthound
IstrianShorthairedHound01	Hound
ItalianGreyhound01	Sighthound
ItalianGreyhound02	Sighthound
JackRussellTerrier02	Terrier
JackRussellTerrier03	Terrier
JackRussellTerrier04	Terrier
JackRussellTerrier05	Terrier
JackRussellTerrier06	Terrier
JackRussellTerrier07	Terrier
JackRussellTerrier08	Terrier
JackRussellTerrier09	Terrier
Jamthund01	Spitz
JapaneseChin01_12777	Spitz
JapaneseChin03_24956	Spitz
JapaneseChin04_24329	Spitz
Jindo01	Non-breed
Keeshond01_29779	Spitz
Keeshond02_34863	Spitz
Keeshond03_35078	Spitz
KellyBlueTerrier03	Terrier
KerryBlueTerrier02	Terrier
KintamaniDog01	Non-breed
Komondor01_29392	Herding
Kromfohrlander01	Non-breed
KunmingDog01	Non-breed
KunmingDog02	Non-breed
KunmingDog03	Non-breed
KunmingDog04	Non-breed
KunmingDog05	Non-breed
KunmingDog06	Non-breed
KunmingDog07	Non-breed
KunmingDog08	Non-breed
KunmingDog09	Non-breed
KunmingDog10	Non-breed
KunmingDog11	Non-breed
KunmingDog12	Non-breed
KunmingDog13	Non-breed
KunmingDog14	Non-breed
KunmingDog15	Non-breed
KunmingDog16	Non-breed
KunmingDog17	Non-breed
KunmingDog18	Non-breed
KunmingDog19	Non-breed
KunmingDog20	Non-breed
KunmingDog21	Non-breed
Kuvasz01_7774	Herding
Kuvasz01_Reseq_7774	Herding
Kuvasz02_6230	Herding
Kuvasz03_7525	Herding
Kuvasz04	Herding
LabradorRetriever01	Retriever
LabradorRetriever02	Retriever
LabradorRetriever03	Retriever
LabradorRetriever04	Retriever
LabradorRetriever05	Retriever
LabradorRetriever06	Retriever
LabradorRetriever07	Retriever
LabradorRetriever08	Retriever
LabradorRetriever10	Retriever
LabradorRetriever12	Retriever
LabradorRetriever13	Retriever
LabradorRetriever14	Retriever
LabradorRetriever15	Retriever
LabradorRetriever16	Retriever
LabradorRetriever17	Retriever
LabradorRetriever18	Retriever
LabradorRetriever19	Retriever
LabradorRetriever20	Retriever
LabradorRetriever21	Retriever
LabradorRetriever22	Retriever
LabradorRetriever23	Retriever
LabradorRetriever24	Retriever
LabradorRetriever25	Retriever
LabradorRetriever26	Retriever
LagottoRomagnolo01	Waterdog
LagottoRomagnolo02	Waterdog
LagottoRomagnolo03	Waterdog
LagottoRomagnolo04	Waterdog
LagottoRomagnolo05	Waterdog
LagottoRomagnolo06	Waterdog
LagottoRomagnolo07_31299	Waterdog
LagottoRomagnolo08_31603	Waterdog
LagottoRomagnolo09_33195	Waterdog
LancashireHeeler01_5375	Herding
LancashireHeeler02_5378	Herding
LancashireHeeler03_33512	Herding
Landseer01	Retriever
LapponianHerder01	Herding
Leonberger01	MountainDog
Leonberger02	MountainDog
Leonberger03	MountainDog
Leonberger04	MountainDog
Leonberger05	MountainDog
Leonberger06	MountainDog
Leonberger07	MountainDog
Leonberger08	MountainDog
Leonberger09	MountainDog
Leonberger10	MountainDog
Leonberger11	MountainDog
Leonberger12	MountainDog
Leonberger13	MountainDog
Leonberger14	MountainDog
Leonberger15	MountainDog
Leonberger16	MountainDog
Leonberger17	MountainDog
Leonberger18	MountainDog
Leonberger19	MountainDog
Leonberger20	MountainDog
Leonberger21	MountainDog
Leonberger22_20043	MountainDog
Leonberger23_20044	MountainDog
LhasaApso01_6220	Spitz
LhasaApso02_20104	Spitz
LhasaApso03_26983	Spitz
LhasaApso04	Spitz
Lowchen01	Waterdog
MIX_AmericanCocker_Beagle01	Non-breed
MIX_AmericanCocker_Beagle02	Non-breed
MIX_AmericanCocker_Beagle03	Non-breed
MIX_Dachshund01	Non-breed
MIX_GoldenRetriever01	Non-breed
MIX_KerryBlueTerrier_Beagle01	Non-breed
MIX_LabradorRetriever01	Non-breed
MIX_MiniatureSchnauzer_Beagle01	Non-breed
Maltese01_27447	Waterdog
Maltese02_1257	Waterdog
Maltese03	Waterdog
Maltese04	Waterdog
Maltese05	Waterdog
Maltese06	Waterdog
Maltese07	Waterdog
Maltese08	Waterdog
Maltese09	Waterdog
Maltese10	Waterdog
Maltese11	Waterdog
Maltese12	Waterdog
Maltese13	Waterdog
Maltese14	Waterdog
Maltese15	Waterdog
Maremma01_21897	Sheepdog
MastinoAbruzzese01_24546	Herding
MauritianDog01	Non-breed
MexicanHairless01	Herding
MiniatureBullTerrier01	Mastiff
MiniatureBullTerrier02_23778	Mastiff
MiniatureBullTerrier03_23779	Mastiff
MiniatureBullTerrier04	Mastiff
MiniatureBullTerrier05_11474	Mastiff
MiniaturePinscher01_12874	Terrier
MiniaturePoodle01_27535	Waterdog
MiniaturePoodle02	Waterdog
MiniaturePoodle03_27597	Waterdog
MiniatureSchnauzer01	Spitz
MiniatureSchnauzer02	Spitz
MiniatureSchnauzer03	Spitz
MiniatureSchnauzer04_21475	Spitz
MiniatureSchnauzer05	Spitz
MiniatureSchnauzer06	Spitz
MiniatureSchnauzer07	Spitz
MiniatureSchnauzer08	Spitz
MiniatureSchnauzer09	Spitz
MiniatureSchnauzer10	Spitz
MiniatureSchnauzer11	Spitz
MiniatureSchnauzer12	Spitz
MiniatureSchnauzer13	Spitz
MiniatureSchnauzer14	Spitz
MiniatureSchnauzer15	Spitz
MiniatureSchnauzer17	Spitz
MiniatureSchnauzer18_24692	Spitz
MixedBreed06	Non-breed
MixedBreed07	Non-breed
MixedBreed08	Non-breed
MixedBreed09_27941	Non-breed
MixedBreed10	Non-breed
MountainCur01_9321	Hound
MountainCur02_33066	Hound
MountainCur03_33173	Hound
MountainCur04_33312	Hound
Mudi01_33142	Sheepdog
Mudi01_Reseq_33142	Sheepdog
Mudi02_33179	Sheepdog
NeapolitanMastiff01_23560	Mastiff
NeapolitanMastiff02_23561	Mastiff
NewGuineaSingingDog01_30192	NGSD
NewGuineaSingingDog02	NGSD
NewGuineaSingingDog03	NGSD
NewGuineaSingingDog04	NGSD
NewGuineaSingingDog07_30192r	NGSD
NewGuineaSingingDog08_34692	NGSD
NewGuineaSingingDog09_35129	NGSD
NewGuineaSingingDog10_35130	NGSD
NewGuineaSingingDog11_35131	NGSD
NewGuineaSingingDog12_35132	NGSD
NewGuineaSingingDog13_34695	NGSD
NewGuineaSingingDog14_34699	NGSD
NewGuineaSingingDog15_35133	NGSD
NewGuineaSingingDog16	NGSD
NewGuineaSingingDog17	NGSD
Newfoundland01	Retriever
Newfoundland02	Retriever
Newfoundland03_29596	Retriever
Newfoundland04	Retriever
Newfoundland05_29395	Retriever
NorfolkTerrier01_4675	Terrier
NorfolkTerrier02_5353	Terrier
NorwegianBuhund01_25380	Spitz
NorwegianBuhund02_31794	Spitz
NorwegianElkhound01	Spitz
NorwegianElkhound02_29785	Spitz
NorwegianElkhound03_1011	Spitz
NorwegianElkhound04_1012	Spitz
NorwegianElkhound05_31276	Spitz
NorwegianElkhound06_31968	Spitz
NorwegianLundehund01	Spitz
NorwegianLundehund02	Spitz
NorwegianLundehund03	Spitz
NorwegianLundehund04_31115	Spitz
NorwegianLundehund05_31832	Spitz
NorwegianLundehund06_31833	Spitz
NorwichTerrier01	Terrier
NorwichTerrier02	Terrier
NorwichTerrier03	Terrier
NorwichTerrier04	Terrier
NorwichTerrier05_25012	Terrier
NorwichTerrier06_25013	Terrier
NovaScotiaDuckTollingRetriever01	Retriever
NovaScotiaDuckTollingRetriever02_13604	Retriever
OldEnglishSheepdog01_5990	Sighthound
OldEnglishSheepdog02_6003	Sighthound
OldEnglishSheepdog03_6014	Sighthound
Otterhound01_26411	Hound
Otterhound02_26412	Hound
Otterhound03_26413	Hound
Otterhound04	Hound
Papillon01_22902	Spitz
Papillon02_27882	Spitz
ParsonsRussellTerrier01	Terrier
ParsonsRussellTerrier02_12325	Terrier
PatagonianOvejeroDog01_33712	Sheepdog
PatagonianOvejeroDog02_33715	Sheepdog
PatagonianOvejeroDog03_34829	Sheepdog
PatagonianOvejeroDog04_34830	Sheepdog
PatagonianOvejeroDog05_34831	Sheepdog
PatagonianOvejeroDog06_34833	Sheepdog
PatagonianOvejeroDog07_34834	Sheepdog
Pekingese01_23356	Spitz
Pekingese02	Spitz
PembrokeWelshCorgi01	Sighthound
PembrokeWelshCorgi02	Sighthound
PembrokeWelshCorgi03	Sighthound
PembrokeWelshCorgi04_29405	Sighthound
PembrokeWelshCorgi05_33363	Sighthound
PeruvianHairless01	Herding
PeruvianVillageDog01	Non-breed
PeruvianVillageDog02	Non-breed
PeruvianVillageDog03	Non-breed
PeruvianVillageDog04	Non-breed
PeruvianVillageDog05	Non-breed
PeruvianVillageDog06	Non-breed
PeruvianVillageDog07	Non-breed
PeruvianVillageDog08	Non-breed
PetitBassetGriffonVendeen01	Hound
PetitBassetGriffonVendeen02_9402	Hound
PetitBassetGriffonVendeen03_9419	Hound
PetitBassetGriffonVendeen04_12353	Hound
PetitBassetGriffonVendeen05_11478	Hound
PharaohHound01_27778	Herding
PharaohHound02_27788	Herding
PharaohHound03_27789	Herding
PhuquocRidgeback01_34142	Mastiff
PhuquocRidgeback02_34878	Mastiff
PhuquocRidgeback03_34880	Mastiff
PitBullTerrier01	Terrier
PitBullTerrier02	Terrier
PitBullTerrier03	Terrier
PitBullTerrier04	Terrier
Pointer01_15390	Hound
Pointer02_15391	Hound
Pointer03_27378	Hound
Pointer04	Hound
Pointer05_9031	Hound
Pointer06_20568	Hound
Pointer07_24730	Hound
Pomeranian01	Spitz
Pomeranian02	Spitz
Pomeranian03_8521	Spitz
PortuguesePodengo01	Hound
PortuguesePodengoPequeno01_33229	Hound
PortuguesePodengoPequeno02_34432	Hound
PortugueseWaterDog01_4528	Waterdog
PortugueseWaterDog02_30033	Waterdog
PortugueseWaterDog03_30003	Waterdog
PortugueseWaterDog04_29986	Waterdog
PortugueseWaterDog05_29934	Waterdog
PortugueseWaterDog06_29907	Waterdog
PortugueseWaterDog07_30187	Waterdog
PortugueseWaterDog08_29911	Waterdog
PortugueseWaterDog09_30157	Waterdog
PortugueseWaterDog09_Reseq_30157	Waterdog
PortugueseWaterDog10_29901	Waterdog
PortugueseWaterDog11_30165	Waterdog
PortugueseWaterDog12	Waterdog
PortugueseWaterDog13_5834	Waterdog
PortugueseWaterDog15_34618	Waterdog
Pug01	Spitz
Pug02	Spitz
Pug03	Spitz
Pug04	Spitz
Pug05	Spitz
Pug06	Spitz
Pug07	Spitz
Puli01_27429	Sheepdog
Pumi01_29689	Sheepdog
Pumi01_Reseq_29689	Sheepdog
Pumi02_29695	Sheepdog
Pumi03_29697	Sheepdog
QingchuanDog01	Non-breed
QuebecWolf	Wild
RedWolf03	Wild
RedWolf04	Wild
RedWolf05	Wild
RedWolf06	Wild
RhodesianRidgeback01	Mastiff
RhodesianRidgeback02	Mastiff
RhodesianRidgeback03	Mastiff
RhodesianRidgeback04	Mastiff
RhodesianRidgeback05	Mastiff
RhodesianRidgeback06_21531	Mastiff
RhodesianRidgeback07_33172	Mastiff
RhodesianRidgeback08	Mastiff
Rottweiler01_21895	Herding
Rottweiler02	Herding
Rottweiler03	Herding
Rottweiler04_30461	Herding
Rottweiler05	Herding
Rottweiler06	Herding
Rottweiler07	Herding
Rottweiler08	Herding
Rottweiler09	Herding
Rottweiler10	Herding
Rottweiler11_25111	Herding
Rottweiler12_25123	Herding
SaintBernard01_1075	MountainDog
SaintBernard02	MountainDog
SaintBernard03	MountainDog
SaintBernard04_12750	MountainDog
SaintBernard05_12751	MountainDog
SaintBernard06_12749	MountainDog
Saluki01_1233	Herding
Saluki02	Herding
Saluki03	Herding
Samoyed01_176	Spitz
Samoyed02	Spitz
Samoyed03_14503	Spitz
Samoyed04_33261	Spitz
Samoyed05_33260	Spitz
Schipperke01_33120	Spitz
Schipperke02_33150	Spitz
ScottishDeerhound01	Sighthound
ScottishDeerhound02_31237	Sighthound
ScottishDeerhound03_31238	Sighthound
ScottishDeerhound04_31239	Sighthound
ScottishDeerhound05_31240	Sighthound
ScottishDeerhound06_34132	Sighthound
ScottishDeerhound07_34144	Sighthound
ScottishDeerhound08_34149	Sighthound
ScottishDeerhound09_34151	Sighthound
ScottishDeerhound10_34154	Sighthound
ScottishDeerhound11_34155	Sighthound
ScottishTerrier01_8542	Terrier
ScottishTerrier02_9025	Terrier
ScottishTerrier03	Terrier
ScottishTerrier04	Terrier
ScottishTerrier05_7790	Terrier
ScottishTerrier06_8403	Terrier
ScottishTerrier07_10701	Terrier
ScottishTerrier08_20082	Terrier
ScottishTerrier09_20125	Terrier
ScottishTerrier10_28349	Terrier
ScottishTerrier11_29815	Terrier
SealyhamTerrier01_33230	Terrier
SealyhamTerrier02_33235	Terrier
SealyhamTerrier03_33281	Terrier
SealyhamTerrier04_33334	Terrier
SealyhamTerrier05_33336	Terrier
SealyhamTerrier06_33398	Terrier
SealyhamTerrier07_34153	Terrier
SealyhamTerrier08_34461	Terrier
SealyhamTerrier09_34460	Terrier
SealyhamTerrier10_34462	Terrier
ShetlandSheepdog01_11617	Sighthound
ShetlandSheepdog02	Sighthound
ShetlandSheepdog03	Sighthound
ShetlandSheepdog04_15112	Sighthound
ShetlandSheepdog05_16126	Sighthound
ShetlandSheepdog06_16127	Sighthound
ShetlandSheepdog07_16128	Sighthound
ShetlandSheepdog08_20204	Sighthound
ShetlandSheepdog09_20265	Sighthound
ShetlandSheepdog10_21202	Sighthound
ShetlandSheepdog11_21970	Sighthound
ShetlandSheepdog12_22484	Sighthound
ShetlandSheepdog13_24037	Sighthound
ShetlandSheepdog14_24460	Sighthound
ShetlandSheepdog15_30371	Sighthound
ShetlandSheepdog16	Sighthound
ShetlandSheepdog17_26810	Sighthound
ShetlandSheepdog18_28494	Sighthound
ShibaInu01	Spitz
ShibaInu02	Spitz
ShibaInu03_15049	Spitz
ShibaInu04	Spitz
ShihTzu01	Spitz
ShihTzu02_3192	Spitz
Shikoku01_31257	Hound
SiberianHusky01_14529	Spitz
SiberianHusky02	Spitz
SiberianHusky04	Spitz
SiberianHusky05	Spitz
SideStripedJackal01	Wild
SilkyTerrier01_6209	Terrier
SilkyTerrier02_7299	Terrier
SilkyTerrier03_13190	Terrier
SkyeTerrier01_33239	Terrier
SkyeTerrier02_33346	Terrier
Sloughi01	Herding
Sloughi02	Herding
Sloughi03	Herding
Sloughi04	Herding
SmallMunsterlander01_31612	Hound
SmallMunsterlander02_31614	Hound
SmoothFoxTerrier01_7935	Terrier
SmoothFoxTerrier02_29481	Terrier
SmoothFoxTerrier03_30235	Terrier
SmoothFoxTerrier04_30263	Terrier
SmoothFoxTerrier05_33294	Terrier
SmoothFoxTerrier06_30262	Terrier
SoftCoatedWheatenTerrier01	Terrier
SoftCoatedWheatenTerrier02	Terrier
SoftCoatedWheatenTerrier03	Terrier
SoftCoatedWheatenTerrier04	Terrier
SoftCoatedWheatenTerrier05_13025	Terrier
SoftCoatedWheatenTerrier06_13026	Terrier
SoftCoatedWheatenTerrier07_13027	Terrier
SpanishGalgo01	Sighthound
SpanishWaterDog01	Waterdog
SpinoneItaliano01	Hound
SpinoneItaliano02_937	Hound
SpinoneItaliano03_30560	Hound
SpinoneItaliano04_30561	Hound
SpinoneItaliano05_31638	Hound
SpinoneItaliano06_31641	Hound
SpinoneItaliano07_31645	Hound
SpinoneItaliano08	Hound
Stabyhoun01_33193	Non-breed
StaffordshireBullTerrier01_27211	Mastiff
StaffordshireBullTerrier02_30237	Mastiff
StaffordshireBullTerrier03_30240	Mastiff
StandardPoodle01	Waterdog
StandardPoodle02	Waterdog
StandardPoodle03	Waterdog
StandardPoodle04	Waterdog
StandardPoodle05	Waterdog
StandardPoodle06	Waterdog
StandardPoodle07	Waterdog
StandardPoodle08	Waterdog
StandardSchnauzer01	Spitz
StandardSchnauzer02	Spitz
StandardSchnauzer03	Spitz
StandardSchnauzer04	Spitz
StandardSchnauzer05	Spitz
StandardSchnauzer06	Spitz
StandardSchnauzer07	Spitz
StdManchesterTerrier01_33437	Terrier
StdManchesterTerrier02_33490	Terrier
StdManchesterTerrier03_33491	Terrier
StdManchesterTerrier04_33492	Terrier
StdManchesterTerrier05_33518	Terrier
StdManchesterTerrier06_33540	Terrier
SussexSpaniel01_6098	Spaniel
SussexSpaniel02_7640	Spaniel
SussexSpaniel03_7643	Spaniel
SussexSpaniel04_954	Spaniel
SussexSpaniel05_5896	Spaniel
SussexSpaniel06_5905	Spaniel
SwedishLapphund01	Spitz
SwedishVallhund01_10043	Spitz
TeddyRooseveltTerrier01_24735	Terrier
TeddyRooseveltTerrier02_24776	Terrier
TeddyRooseveltTerrier03_24777	Terrier
TibetanMastiff01	Spitz
TibetanMastiff02	Spitz
TibetanMastiff03	Spitz
TibetanMastiff04	Spitz
TibetanMastiff05	Spitz
TibetanMastiff06	Spitz
TibetanMastiff07	Spitz
TibetanMastiff08	Spitz
TibetanMastiff09	Spitz
TibetanMastiff10	Spitz
TibetanMastiff11	Spitz
TibetanSpaniel01	Spitz
TibetanSpaniel02	Spitz
TibetanSpaniel03	Spitz
TibetanSpaniel04	Spitz
TibetanSpaniel05	Spitz
TibetanSpaniel06	Spitz
TibetanSpaniel07	Spitz
TibetanSpaniel08	Spitz
TibetanSpaniel09	Spitz
TibetanSpaniel10	Spitz
TibetanSpaniel11	Spitz
TibetanSpaniel12_30674	Spitz
TibetanSpaniel13_31251	Spitz
TibetanSpaniel14_5381	Spitz
TibetanTerrier01	Terrier
TibetanTerrier02	Terrier
TibetanTerrier03	Terrier
TibetanTerrier04	Terrier
TibetanTerrier05	Terrier
TibetanTerrier06	Terrier
TimberWolf01	Wild
Tornjak01	Herding
TosaInu01_21914	Mastiff
TosaInu02_25491	Mastiff
ToyFoxTerrier01_8963	Terrier
ToyFoxTerrier02_8969	Terrier
ToyFoxTerrier03_8973	Terrier
ToyFoxTerrier04_13139	Terrier
ToyFoxTerrier05_13287	Terrier
ToyFoxTerrier06_13289	Terrier
ToyFoxTerrier07_9014	Terrier
ToyPoodle01_10442	Waterdog
ToyPoodle02_24072	Waterdog
ToyPoodle03_28359	Waterdog
ToyPoodle04	Waterdog
TreeingWalkerCoonhound01_23115	Hound
TreeingWalkerCoonhound02_26987	Hound
UnknownBreed03	Non-breed
UnknownBreed04	Non-breed
UnknownBreed05	Non-breed
UnknownBreed07	Non-breed
UnknownBreed09	Non-breed
UnknownBreed10	Non-breed
UnknownBreed11	Non-breed
UnknownBreed12	Non-breed
UnknownBreed13	Non-breed
UnknownBreed14	Non-breed
UnknownBreed15	Non-breed
UnknownBreed16	Non-breed
UnknownBreed17	Non-breed
UnknownBreed18	Non-breed
UnknownBreed19	Non-breed
UnknownBreed20	Non-breed
UnknownBreed21	Non-breed
UnknownBreed22	Non-breed
UnknownBreed23	Non-breed
UnknownBreed24	Non-breed
UnknownBreed25	Non-breed
UnknownBreed26	Non-breed
UnknownBreed27	Non-breed
UnknownBreed28	Non-breed
UnknownBreed29	Non-breed
UnknownPoodle01	Non-breed
VillDog_Africa01	Non-breed
VillDog_Australia01	Non-breed
VillDog_Bali01	Non-breed
VillDog_Borneo01	Non-breed
VillDog_Borneo02	Non-breed
VillDog_Borneo03	Non-breed
VillDog_China01	Non-breed
VillDog_China02	Non-breed
VillDog_China03	Non-breed
VillDog_China04	Non-breed
VillDog_China05	Non-breed
VillDog_China06	Non-breed
VillDog_China07	Non-breed
VillDog_China08	Non-breed
VillDog_China09	Non-breed
VillDog_China10	Non-breed
VillDog_China11	Non-breed
VillDog_China12	Non-breed
VillDog_China13	Non-breed
VillDog_China14	Non-breed
VillDog_China15	Non-breed
VillDog_China16	Non-breed
VillDog_China17	Non-breed
VillDog_China18	Non-breed
VillDog_China19	Non-breed
VillDog_China20	Non-breed
VillDog_China21	Non-breed
VillDog_China22	Non-breed
VillDog_China23	Non-breed
VillDog_China24	Non-breed
VillDog_China25	Non-breed
VillDog_China26	Non-breed
VillDog_China27	Non-breed
VillDog_China28	Non-breed
VillDog_China29	Non-breed
VillDog_China30	Non-breed
VillDog_China31	Non-breed
VillDog_China32	Non-breed
VillDog_China33	Non-breed
VillDog_China34	Non-breed
VillDog_China35	Non-breed
VillDog_China36	Non-breed
VillDog_China37	Non-breed
VillDog_China38	Non-breed
VillDog_China39	Non-breed
VillDog_China40	Non-breed
VillDog_China41	Non-breed
VillDog_China42	Non-breed
VillDog_China43	Non-breed
VillDog_China44	Non-breed
VillDog_China45	Non-breed
VillDog_China46	Non-breed
VillDog_China47	Non-breed
VillDog_China48	Non-breed
VillDog_China49	Non-breed
VillDog_China50	Non-breed
VillDog_China51	Non-breed
VillDog_China52	Non-breed
VillDog_Egypt01	Non-breed
VillDog_Egypt02	Non-breed
VillDog_India01	Non-breed
VillDog_India02	Non-breed
VillDog_India03	Non-breed
VillDog_India04	Non-breed
VillDog_India05	Non-breed
VillDog_Lebanon01	Non-breed
VillDog_Lebanon02	Non-breed
VillDog_Lebanon03	Non-breed
VillDog_Namibia01	Non-breed
VillDog_Namibia02	Non-breed
VillDog_Namibia03	Non-breed
VillDog_PapuaNG01	Non-breed
VillDog_PapuaNG02	Non-breed
VillDog_PapuaNG03	Non-breed
VillDog_Portugal01	Non-breed
VillDog_Portugal02	Non-breed
VillDog_Portugal03	Non-breed
VillDog_Qatar01	Non-breed
VillDog_Qatar02	Non-breed
VillDog_Taiwan01	Non-breed
VillDog_Vietnam01	Non-breed
VillDog_Vietnam02	Non-breed
VillDog_Vietnam03	Non-breed
VillDog_Vietnam04	Non-breed
VillDog_Vietnam05	Non-breed
VillDog_Vietnam06	Non-breed
Vizsla01	Hound
Vizsla02_27015	Hound
Vizsla03_27073	Hound
Weimaraner01	Hound
Weimaraner02_15384	Hound
Weimaraner03_13307	Hound
Weimaraner04	Hound
Weimaraner05	Hound
WelshSpringerSpaniel01_27011	Spaniel
WelshSpringerSpaniel02_30504	Spaniel
WelshTerrier01	Terrier
WelshTerrier02_1024	Terrier
WelshTerrier03_22235	Terrier
WelshTerrier04_22244	Terrier
WestHighlandWhiteTerr01	Terrier
WestHighlandWhiteTerr02	Terrier
WestHighlandWhiteTerr03	Terrier
WestHighlandWhiteTerr04	Terrier
WestHighlandWhiteTerr05	Terrier
WestHighlandWhiteTerr06	Terrier
WestHighlandWhiteTerr08	Terrier
WestHighlandWhiteTerr09	Terrier
WestHighlandWhiteTerr10	Terrier
WestHighlandWhiteTerr11	Terrier
WestHighlandWhiteTerr12	Terrier
WestHighlandWhiteTerr13_10023	Terrier
WestHighlandWhiteTerr15_21964	Terrier
WestHighlandWhiteTerr16_21971	Terrier
WestHighlandWhiteTerr17_23537	Terrier
WestHighlandWhiteTerr18_24496	Terrier
WestHighlandWhiteTerr19	Terrier
WestHighlandWhiteTerr20	Terrier
WestHighlandWhiteTerr21	Terrier
WestHighlandWhiteTerr22	Terrier
WestHighlandWhiteTerr23	Terrier
WestHighlandWhiteTerr24	Terrier
WestHighlandWhiteTerr25	Terrier
WestHighlandWhiteTerr26	Terrier
WestHighlandWhiteTerr27	Terrier
WestHighlandWhiteTerr28	Terrier
WestHighlandWhiteTerr29	Terrier
Whippet01	Sighthound
Whippet02_27884	Sighthound
Whippet03_27897	Sighthound
Whippet04	Sighthound
WireFoxTerrier01_8391	Terrier
WireFoxTerrier02_11119	Terrier
WirehairedPointingGriffon01_27154	Hound
WirehairedPointingGriffon02_27155	Hound
WirehairedPointingGriffon03_27549	Hound
Wolf01	Wild
Wolf02	Wild
Wolf03	Wild
Wolf04	Wild
Wolf05	Wild
Wolf06	Wild
Wolf07	Wild
Wolf08	Wild
Wolf100	Wild
Wolf101	Wild
Wolf102	Wild
Wolf103	Wild
Wolf104	Wild
Wolf105	Wild
Wolf106	Wild
Wolf107	Wild
Wolf108	Wild
Wolf109	Wild
Wolf110	Wild
Wolf111	Wild
Wolf112	Wild
Wolf18	Wild
Wolf19	Wild
Wolf20	Wild
Wolf21	Wild
Wolf22	Wild
Wolf23	Wild
Wolf24	Wild
Wolf25	Wild
Wolf26	Wild
Wolf27	Wild
Wolf28	Wild
Wolf29	Wild
Wolf30	Wild
Wolf31	Wild
Wolf32	Wild
Wolf33	Wild
Wolf34	Wild
Wolf35	Wild
Wolf36	Wild
Wolf37	Wild
Wolf38	Wild
Wolf39	Wild
Wolf40	Wild
Wolf41	Wild
Wolf42	Wild
Wolf43	Wild
Wolf44	Wild
Wolf45	Wild
Wolf46	Wild
Wolf47	Wild
Wolf48	Wild
Wolf49	Wild
Wolf50	Wild
Wolf51	Wild
Wolf52	Wild
Wolf53	Wild
Wolf54	Wild
Wolf55	Wild
Wolf56	Wild
Wolf57	Wild
Wolf58	Wild
Wolf59	Wild
Wolf60	Wild
Wolf61	Wild
Wolf62	Wild
Wolf63	Wild
Wolf64	Wild
Wolf65	Wild
Wolf66	Wild
Wolf67	Wild
Wolf68	Wild
Wolf69	Wild
Wolf70	Wild
Wolf71	Wild
Wolf72	Wild
Wolf73	Wild
Wolf74	Wild
Wolf75	Wild
Wolf76	Wild
Wolf77	Wild
Wolf78	Wild
Wolf79	Wild
Wolf80	Wild
Wolf81	Wild
Wolf82	Wild
Wolf83	Wild
Wolf84	Wild
Wolf85	Wild
Wolf86	Wild
Wolf87	Wild
Wolf88	Wild
Wolf89	Wild
Wolf90	Wild
Wolf91	Wild
Wolf92	Wild
Wolf93	Wild
Wolf94	Wild
Wolf95	Wild
Wolf96	Wild
Wolf97	Wild
Wolf98	Wild
Wolf99	Wild
WolfTibetan01	Wild
WolfTibetan02	Wild
WolfTibetan03	Wild
WolfTibetan04	Wild
WolfTibetan05	Wild
WolfTibetan06	Wild
WolfTibetan07	Wild
WolfTibetan08	Wild
Wolf_WO001_895	Wild
Wolf_WO002_732	Wild
Wolf_WO003_636	Wild
XiasiDog01	Hound
Xoloitzcuintli01	Herding
Xoloitzcuintli02_30509	Herding
Xoloitzcuintli03_34496	Herding
YorkshireTerrier01	Terrier
YorkshireTerrier02	Terrier
YorkshireTerrier03	Terrier
YorkshireTerrier05	Terrier
YorkshireTerrier06	Terrier
YorkshireTerrier08	Terrier
YorkshireTerrier09	Terrier
YorkshireTerrier11	Terrier
YorkshireTerrier12	Terrier
YorkshireTerrier13	Terrier
YorkshireTerrier14	Terrier
YorkshireTerrier15	Terrier
YorkshireTerrier16	Terrier
YorkshireTerrier17	Terrier
YorkshireTerrier18	Terrier
YorkshireTerrier19	Terrier
YorkshireTerrier21	Terrier
YorkshireTerrier22	Terrier
YorkshireTerrier23	Terrier
YorkshireTerrier24	Terrier
YorkshireTerrier25	Terrier
YorkshireTerrier26	Terrier
YorkshireTerrier27	Terrier
YorkshireTerrier28	Terrier
YorkshireTerrier29	Terrier
YorkshireTerrier30	Terrier
YorkshireTerrier31	Terrier
YorkshireTerrier32	Terrier
YorkshireTerrier33	Terrier
YorkshireTerrier34	Terrier
YorkshireTerrier35	Terrier
YorkshireTerrier36	Terrier
YorkshireTerrier37	Terrier
YorkshireTerrier38	Terrier
YorkshireTerrier39	Terrier
YorkshireTerrier40	Terrier
YorkshireTerrier41	Terrier
YorkshireTerrier42	Terrier
YorkshireTerrier43	Terrier
YorkshireTerrier44	Terrier
YorkshireTerrier45	Terrier
YorkshireTerrier46	Terrier
YorkshireTerrier47	Terrier
YorkshireTerrier48	Terrier
YorkshireTerrier49	Terrier
YorkshireTerrier50	Terrier
YorkshireTerrier51	Terrier
YorkshireTerrier52	Terrier
YorkshireTerrier53	Terrier
YorkshireTerrier54	Terrier
YorkshireTerrier55	Terrier
YorkshireTerrier56	Terrier
YorkshireTerrier57	Terrier
YorkshireTerrier58	Terrier
YorkshireTerrier59	Terrier
YorkshireTerrier62	Terrier
YorkshireTerrier63	Terrier
YorkshireTerrier64	Terrier
YorkshireTerrier65	Terrier
YorkshireTerrier66	Terrier
YorkshireTerrier67	Terrier
YorkshireTerrier68	Terrier
YorkshireTerrier69	Terrier
YorkshireTerrier70	Terrier
YorkshireTerrier71	Terrier
YorkshireTerrier72	Terrier
YorkshireTerrier73	Terrier
YorkshireTerrier74	Terrier
YorkshireTerrier75	Terrier
YorkshireTerrier76_14941	Terrier
YorkshireTerrier77_14954	Terrier
